{"accuracy": [0.5979087948799133, 0.8589515686035156, 0.9135785102844238, 0.9382601976394653, 0.9540934562683105, 0.9648623466491699, 0.969613790512085, 0.9758304357528687, 0.978775143623352, 0.9819332957267761], "loss": [1.369355320930481, 0.4484166204929352, 0.2690006196498871, 0.18781688809394836, 0.13883893191814423, 0.10881994664669037, 0.09305687248706818, 0.07365112006664276, 0.0661914274096489, 0.05586861073970795], "val_accuracy": [0.8419644832611084, 0.9005235433578491, 0.9037673473358154, 0.9486114382743835, 0.9408149123191833, 0.9480423331260681, 0.9603915214538574, 0.9599931836128235, 0.9583997130393982, 0.9586842656135559], "val_loss": [0.5052884221076965, 0.3055505156517029, 0.29171061515808105, 0.15228621661663055, 0.18740826845169067, 0.1588156521320343, 0.12690067291259766, 0.13258878886699677, 0.1342955380678177, 0.14240922033786774]}